"sample","sample_short","total_spectral_counts","total_maxlfq","n_phospho_peptides","n_phospho_proteins"
"guy11_0h_1 Spectral Count","guy11_0h_1",21192,948393493907.57,7558,2454
"guy11_0h_2 Spectral Count","guy11_0h_2",15034,1021904957644.56,5396,1926
"guy11_0h_3 Spectral Count","guy11_0h_3",21516,750983789534.26,7230,2299
"guy11_1_5h_1 Spectral Count","guy11_1_5h_1",28199,977037266266.88,10367,2729
"guy11_1_5h_2 Spectral Count","guy11_1_5h_2",21637,943202932174.815,7691,2306
"guy11_1_5h_3 Spectral Count","guy11_1_5h_3",23253,875073264490.73,8287,2394
"guy11_1h_1 Spectral Count","guy11_1h_1",27141,893273541496.442,9628,2627
"guy11_1h_2 Spectral Count","guy11_1h_2",20919,952267726274.22,7261,2240
"guy11_1h_3 Spectral Count","guy11_1h_3",20995,1055046145942.32,7352,2260
"guy11_2h_1 Spectral Count","guy11_2h_1",28583,961949898829.295,10270,2718
"guy11_2h_2 Spectral Count","guy11_2h_2",26397,701651220046.879,9285,2523
"guy11_2h_3 Spectral Count","guy11_2h_3",27078,802384623497.81,8947,2495
"guy11_4h_1 Spectral Count","guy11_4h_1",31038,977540012219.73,11528,2825
"guy11_4h_2 Spectral Count","guy11_4h_2",21222,580446172554.555,8433,2360
"guy11_4h_3 Spectral Count","guy11_4h_3",30370,699478237366.126,10345,2639
"guy11_6h_1 Spectral Count","guy11_6h_1",30833,907074124502.622,11118,2782
"guy11_6h_2 Spectral Count","guy11_6h_2",8000,84187319869.777,3988,1559
"guy11_6h_3 Spectral Count","guy11_6h_3",22731,920186822404.165,8171,2380
"mst7_0h_1 Spectral Count","mst7_0h_1",21681,1343202453068.97,7966,2403
"mst7_0h_2 Spectral Count","mst7_0h_2",20997,848931681732.678,7370,2318
"mst7_0h_3 Spectral Count","mst7_0h_3",19956,684167931049.81,6188,2013
"mst7_1_5h_1 Spectral Count","mst7_1_5h_1",28026,781494189698.786,10171,2692
"mst7_1_5h_2 Spectral Count","mst7_1_5h_2",25983,841026282993.585,9099,2588
"mst7_1_5h_3 Spectral Count","mst7_1_5h_3",22279,875333913332.67,7658,2307
"mst7_1h_1 Spectral Count","mst7_1h_1",26986,838535915011.501,9742,2623
"mst7_1h_2 Spectral Count","mst7_1h_2",24097,884658777831.449,7288,2286
"mst7_1h_3 Spectral Count","mst7_1h_3",24075,807623016525.6,7215,2242
"mst7_2h_1 Spectral Count","mst7_2h_1",24802,946237281502.435,9098,2540
"mst7_2h_2 Spectral Count","mst7_2h_2",22342,716400734559.68,7728,2314
"mst7_2h_3 Spectral Count","mst7_2h_3",24567,783155413789.297,8162,2371
"mst7_4h_1 Spectral Count","mst7_4h_1",21286,829198112198.906,8594,2422
"mst7_4h_2 Spectral Count","mst7_4h_2",24573,1005860833674.09,8857,2448
"mst7_4h_3 Spectral Count","mst7_4h_3",26316,761853536224.31,8967,2509
"mst7_6h_1 Spectral Count","mst7_6h_1",26925,1035951274903.16,10236,2616
"mst7_6h_2 Spectral Count","mst7_6h_2",27617,629968572580.771,9255,2459
"mst7_6h_3 Spectral Count","mst7_6h_3",25152,871762170594.514,8954,2461
"Total","Total",863798,30537443640295,305403,87128
