"experiment","stage","sample","sample_short","total_spectral_counts","total_maxlfq","total_intensity","n_phospho_peptides","n_phospho_proteins"
"pmk1","filtered","guy11_1_5h_1","guy11_1_5h_1",12152,461714926371.08,622010328889.72,5122,1794
"pmk1","filtered","guy11_1_5h_2","guy11_1_5h_2",6586,416129209237.08,558346204271.06,4353,1633
"pmk1","filtered","guy11_1_5h_3","guy11_1_5h_3",10330,522585936466,713501384939.39,5282,1806
"pmk1","filtered","guy11_1h_1","guy11_1h_1",8020,464519215928.44,621964160633.8,4546,1684
"pmk1","filtered","guy11_1h_2","guy11_1h_2",5715,410045655931.43,539732721200.31,4025,1563
"pmk1","filtered","guy11_1h_3","guy11_1h_3",12079,514503011458.27,720668127643.4,5543,1867
"pmk1","filtered","guy11_2h_1","guy11_2h_1",11660,541876009617.04,732208962403.27,5148,1822
"pmk1","filtered","guy11_2h_2","guy11_2h_2",9655,443982302467.02,595629524861.75,4906,1748
"pmk1","filtered","guy11_2h_3","guy11_2h_3",8490,412941611737.67,558210391598.73,4781,1727
"pmk1","filtered","guy11_4h_1","guy11_4h_1",9685,503529697267.98,698232210705.37,5452,1827
"pmk1","filtered","guy11_4h_2","guy11_4h_2",8810,447709694669.5,587833131920.62,5013,1758
"pmk1","filtered","guy11_4h_3","guy11_4h_3",8117,429575346431.69,596644222256.51,4619,1683
"pmk1","filtered","guy11_6h_1","guy11_6h_1",17987,591211660234.536,807236420238.936,7845,2228
"pmk1","filtered","guy11_6h_2","guy11_6h_2",23311,443319477632.518,568776096050.294,7814,2228
"pmk1","filtered","guy11_6h_3","guy11_6h_3",16267,534178670862.88,728094205038.891,7093,2126
"pmk1","filtered","guy11_spores_1","guy11_spores_1",8575,544976592851.1,746528819981.44,3889,1560
"pmk1","filtered","guy11_spores_2","guy11_spores_2",2231,307462290037.17,386001971172.45,2904,1274
"pmk1","filtered","guy11_spores_3","guy11_spores_3",8312,496371935469.26,650197178492,3910,1553
"pmk1","filtered","pmk1_1_5h_1","pmk1_1_5h_1",10395,417665659060.79,557628002422.57,4657,1722
"pmk1","filtered","pmk1_1_5h_2","pmk1_1_5h_2",9391,429759152946.6,546855964800.29,4466,1676
"pmk1","filtered","pmk1_1_5h_3","pmk1_1_5h_3",8004,428424659061.57,560321794038.74,4626,1710
"pmk1","filtered","pmk1_1h_1","pmk1_1h_1",7204,386630882253.2,486483984063.5,4006,1570
"pmk1","filtered","pmk1_1h_2","pmk1_1h_2",9647,425930570048.52,568881026396.42,4424,1676
"pmk1","filtered","pmk1_1h_3","pmk1_1h_3",8957,417916552464.78,534923248553.59,4594,1689
"pmk1","filtered","pmk1_2h_1","pmk1_2h_1",13155,418486322161.83,547356741165.94,4847,1786
"pmk1","filtered","pmk1_2h_2","pmk1_2h_2",8369,400590560789.52,508314376708.16,4124,1607
"pmk1","filtered","pmk1_2h_3","pmk1_2h_3",8319,414384050583.69,563157403175.52,4707,1707
"pmk1","filtered","pmk1_4h_1","pmk1_4h_1",11158,428033996108.61,594238598789.22,5689,1908
"pmk1","filtered","pmk1_4h_2","pmk1_4h_2",14545,511657687919.49,693464149078.08,5795,1927
"pmk1","filtered","pmk1_4h_3","pmk1_4h_3",6966,332595877887.18,431460537711.37,4381,1634
"pmk1","filtered","pmk1_6h_1","pmk1_6h_1",8776,405551939086.05,536881562222.39,4553,1695
"pmk1","filtered","pmk1_6h_2","pmk1_6h_2",5255,359302512380.825,427108962699.49,3546,1469
"pmk1","filtered","pmk1_6h_3","pmk1_6h_3",5677,369783838833.84,482652407405.46,3466,1410
"pmk1","filtered","pmk1_spores_1","pmk1_spores_1",9466,441138594931.4,577783170497.69,4115,1616
"pmk1","filtered","pmk1_spores_2","pmk1_spores_2",6669,458720644275.48,655019384637.68,2832,1254
"pmk1","filtered","pmk1_spores_3","pmk1_spores_3",7515,361641391565.25,452449493678.06,3287,1436
"pmk1","normalized","guy11_1_5h_1","guy11_1_5h_1",NA,NA,227698.570877795,5122,1794
"pmk1","normalized","guy11_1_5h_2","guy11_1_5h_2",NA,NA,179788.622024503,4353,1633
"pmk1","normalized","guy11_1_5h_3","guy11_1_5h_3",NA,NA,230422.403549987,5282,1806
"pmk1","normalized","guy11_1h_1","guy11_1h_1",NA,NA,188582.040596223,4546,1684
"pmk1","normalized","guy11_1h_2","guy11_1h_2",NA,NA,161927.259063813,4025,1563
"pmk1","normalized","guy11_1h_3","guy11_1h_3",NA,NA,247548.812819187,5543,1867
"pmk1","normalized","guy11_2h_1","guy11_2h_1",NA,NA,223800.164485352,5148,1822
"pmk1","normalized","guy11_2h_2","guy11_2h_2",NA,NA,210413.905464458,4906,1748
"pmk1","normalized","guy11_2h_3","guy11_2h_3",NA,NA,201300.525130124,4781,1727
"pmk1","normalized","guy11_4h_1","guy11_4h_1",NA,NA,239148.635687272,5452,1827
"pmk1","normalized","guy11_4h_2","guy11_4h_2",NA,NA,213302.448248296,5013,1758
"pmk1","normalized","guy11_4h_3","guy11_4h_3",NA,NA,195052.985227786,4619,1683
"pmk1","normalized","guy11_6h_1","guy11_6h_1",NA,NA,346180.541318792,7845,2228
"pmk1","normalized","guy11_6h_2","guy11_6h_2",NA,NA,350803.603175326,7814,2228
"pmk1","normalized","guy11_6h_3","guy11_6h_3",NA,NA,311534.169261451,7093,2126
"pmk1","normalized","guy11_spores_1","guy11_spores_1",NA,NA,172196.198048156,3889,1560
"pmk1","normalized","guy11_spores_2","guy11_spores_2",NA,NA,114701.023838592,2904,1274
"pmk1","normalized","guy11_spores_3","guy11_spores_3",NA,NA,180980.581129531,3910,1553
"pmk1","normalized","pmk1_1_5h_1","pmk1_1_5h_1",NA,NA,196059.053802421,4657,1722
"pmk1","normalized","pmk1_1_5h_2","pmk1_1_5h_2",NA,NA,187869.165602333,4466,1676
"pmk1","normalized","pmk1_1_5h_3","pmk1_1_5h_3",NA,NA,192205.211605911,4626,1710
"pmk1","normalized","pmk1_1h_1","pmk1_1h_1",NA,NA,158332.188219323,4006,1570
"pmk1","normalized","pmk1_1h_2","pmk1_1h_2",NA,NA,184466.349313272,4424,1676
"pmk1","normalized","pmk1_1h_3","pmk1_1h_3",NA,NA,189524.230010668,4594,1689
"pmk1","normalized","pmk1_2h_1","pmk1_2h_1",NA,NA,207838.197184559,4847,1786
"pmk1","normalized","pmk1_2h_2","pmk1_2h_2",NA,NA,169651.77364655,4124,1607
"pmk1","normalized","pmk1_2h_3","pmk1_2h_3",NA,NA,191187.358761359,4707,1707
"pmk1","normalized","pmk1_4h_1","pmk1_4h_1",NA,NA,237459.961027247,5689,1908
"pmk1","normalized","pmk1_4h_2","pmk1_4h_2",NA,NA,255100.514585402,5795,1927
"pmk1","normalized","pmk1_4h_3","pmk1_4h_3",NA,NA,177810.630120911,4381,1634
"pmk1","normalized","pmk1_6h_1","pmk1_6h_1",NA,NA,192196.598685286,4553,1695
"pmk1","normalized","pmk1_6h_2","pmk1_6h_2",NA,NA,141111.423154791,3546,1469
"pmk1","normalized","pmk1_6h_3","pmk1_6h_3",NA,NA,145912.084378773,3466,1410
"pmk1","normalized","pmk1_spores_1","pmk1_spores_1",NA,NA,175136.806909939,4115,1616
"pmk1","normalized","pmk1_spores_2","pmk1_spores_2",NA,NA,128056.907013454,2832,1254
"pmk1","normalized","pmk1_spores_3","pmk1_spores_3",NA,NA,148068.071639533,3287,1436
"pmk1","imputed","guy11_1_5h_1","guy11_1_5h_1",NA,NA,590057.179613416,9942,2506
"pmk1","imputed","guy11_1_5h_2","guy11_1_5h_2",NA,NA,590580.638370341,9942,2506
"pmk1","imputed","guy11_1_5h_3","guy11_1_5h_3",NA,NA,594319.719748717,9942,2506
"pmk1","imputed","guy11_1h_1","guy11_1h_1",NA,NA,589831.179958813,9942,2506
"pmk1","imputed","guy11_1h_2","guy11_1h_2",NA,NA,586109.379188206,9942,2506
"pmk1","imputed","guy11_1h_3","guy11_1h_3",NA,NA,593974.565724941,9942,2506
"pmk1","imputed","guy11_2h_1","guy11_2h_1",NA,NA,590203.497715148,9942,2506
"pmk1","imputed","guy11_2h_2","guy11_2h_2",NA,NA,589306.606276718,9942,2506
"pmk1","imputed","guy11_2h_3","guy11_2h_3",NA,NA,598049.185306953,9942,2506
"pmk1","imputed","guy11_4h_1","guy11_4h_1",NA,NA,595338.932072974,9942,2506
"pmk1","imputed","guy11_4h_2","guy11_4h_2",NA,NA,593441.146874769,9942,2506
"pmk1","imputed","guy11_4h_3","guy11_4h_3",NA,NA,596918.351732033,9942,2506
"pmk1","imputed","guy11_6h_1","guy11_6h_1",NA,NA,601995.218248624,9942,2506
"pmk1","imputed","guy11_6h_2","guy11_6h_2",NA,NA,597068.48410085,9942,2506
"pmk1","imputed","guy11_6h_3","guy11_6h_3",NA,NA,598818.143157973,9942,2506
"pmk1","imputed","guy11_spores_1","guy11_spores_1",NA,NA,586615.004336713,9942,2506
"pmk1","imputed","guy11_spores_2","guy11_spores_2",NA,NA,594656.872376668,9942,2506
"pmk1","imputed","guy11_spores_3","guy11_spores_3",NA,NA,590211.152307944,9942,2506
"pmk1","imputed","pmk1_1_5h_1","pmk1_1_5h_1",NA,NA,588278.055672566,9942,2506
"pmk1","imputed","pmk1_1_5h_2","pmk1_1_5h_2",NA,NA,588689.058452687,9942,2506
"pmk1","imputed","pmk1_1_5h_3","pmk1_1_5h_3",NA,NA,590919.147331177,9942,2506
"pmk1","imputed","pmk1_1h_1","pmk1_1h_1",NA,NA,586743.446264952,9942,2506
"pmk1","imputed","pmk1_1h_2","pmk1_1h_2",NA,NA,586612.627663171,9942,2506
"pmk1","imputed","pmk1_1h_3","pmk1_1h_3",NA,NA,588921.578701736,9942,2506
"pmk1","imputed","pmk1_2h_1","pmk1_2h_1",NA,NA,586149.296184646,9942,2506
"pmk1","imputed","pmk1_2h_2","pmk1_2h_2",NA,NA,588069.462048308,9942,2506
"pmk1","imputed","pmk1_2h_3","pmk1_2h_3",NA,NA,589444.332605934,9942,2506
"pmk1","imputed","pmk1_4h_1","pmk1_4h_1",NA,NA,592691.852131583,9942,2506
"pmk1","imputed","pmk1_4h_2","pmk1_4h_2",NA,NA,594201.976471869,9942,2506
"pmk1","imputed","pmk1_4h_3","pmk1_4h_3",NA,NA,592261.284967089,9942,2506
"pmk1","imputed","pmk1_6h_1","pmk1_6h_1",NA,NA,588308.776958025,9942,2506
"pmk1","imputed","pmk1_6h_2","pmk1_6h_2",NA,NA,590291.41344694,9942,2506
"pmk1","imputed","pmk1_6h_3","pmk1_6h_3",NA,NA,594241.384227309,9942,2506
"pmk1","imputed","pmk1_spores_1","pmk1_spores_1",NA,NA,583950.322516121,9942,2506
"pmk1","imputed","pmk1_spores_2","pmk1_spores_2",NA,NA,594853.184216558,9942,2506
"pmk1","imputed","pmk1_spores_3","pmk1_spores_3",NA,NA,591118.147610042,9942,2506
"mst7","filtered","guy11_0h_1","guy11_0h_1",23746,1260620556941.25,1840406877259.64,11417,3033
"mst7","filtered","guy11_0h_2","guy11_0h_2",17308,1416557011094.29,1946223309087.73,9457,2713
"mst7","filtered","guy11_0h_3","guy11_0h_3",24585,935281199206.89,1335576046595.07,11053,2908
"mst7","filtered","guy11_1_5h_1","guy11_1_5h_1",29631,1162709442542.51,1625626300187.55,13261,3156
"mst7","filtered","guy11_1_5h_2","guy11_1_5h_2",24964,1184126382177.37,1657097936028.69,11434,2919
"mst7","filtered","guy11_1_5h_3","guy11_1_5h_3",26220,1099246192396.86,1469185640461.77,12390,3023
"mst7","filtered","guy11_1h_1","guy11_1h_1",29744,1107646629726.64,1691787934516.39,12757,3109
"mst7","filtered","guy11_1h_2","guy11_1h_2",23954,1201483981473.84,1669985716161.62,10957,2868
"mst7","filtered","guy11_1h_3","guy11_1h_3",24365,1350407920261.44,1944491858036.55,11799,2941
"mst7","filtered","guy11_2h_1","guy11_2h_1",30304,1139023244991.78,1601515027106.78,13383,3174
"mst7","filtered","guy11_2h_2","guy11_2h_2",29749,829522795689.919,1199661035245.71,12493,3032
"mst7","filtered","guy11_2h_3","guy11_2h_3",30771,992889920555.78,1417469729748.3,12715,3061
"mst7","filtered","guy11_4h_1","guy11_4h_1",31859,1121647435357.73,1674490632155.56,14082,3223
"mst7","filtered","guy11_4h_2","guy11_4h_2",22923,657365911539.467,900103408283.99,11886,2929
"mst7","filtered","guy11_4h_3","guy11_4h_3",33203,816418524162.666,1175759347654.56,13094,3067
"mst7","filtered","guy11_6h_1","guy11_6h_1",31372,1014652008753.56,1535155477630.62,13804,3192
"mst7","filtered","guy11_6h_2","guy11_6h_2",8719,96763065122.367,118471622844.736,7915,2355
"mst7","filtered","guy11_6h_3","guy11_6h_3",25168,1090741475182.48,1686907587071.32,12149,3012
"mst7","filtered","mst7_0h_1","mst7_0h_1",23929,1726505189599.22,2330670531005.5,11570,2996
"mst7","filtered","mst7_0h_2","mst7_0h_2",23447,1146361986528.25,1597546161184.26,11156,2988
"mst7","filtered","mst7_0h_3","mst7_0h_3",22406,895566969171.13,1161122007151.18,9922,2694
"mst7","filtered","mst7_1_5h_1","mst7_1_5h_1",30694,960680596954.572,1400493790562.92,13085,3134
"mst7","filtered","mst7_1_5h_2","mst7_1_5h_2",28792,1040782362073.33,1435371850816.33,12370,3077
"mst7","filtered","mst7_1_5h_3","mst7_1_5h_3",25680,1099582256355.83,1568423585826.19,11765,2967
"mst7","filtered","mst7_1h_1","mst7_1h_1",29909,1009775844428.81,1470762668847.61,12807,3109
"mst7","filtered","mst7_1h_2","mst7_1h_2",27375,1203617198880.82,1790589209226.05,11153,2931
"mst7","filtered","mst7_1h_3","mst7_1h_3",27407,1041467792351.57,1480528176451.44,11357,2922
"mst7","filtered","mst7_2h_1","mst7_2h_1",27951,1124270252494.68,1636686670473.95,12867,3073
"mst7","filtered","mst7_2h_2","mst7_2h_2",24834,851086911846.17,1226176957272.72,10783,2829
"mst7","filtered","mst7_2h_3","mst7_2h_3",27822,985363975853.732,1419118640219.34,12041,3016
"mst7","filtered","mst7_4h_1","mst7_4h_1",23406,969771772525.176,1520520236122.46,12720,3033
"mst7","filtered","mst7_4h_2","mst7_4h_2",27001,1195103268661.88,1657216227311.55,12490,3043
"mst7","filtered","mst7_4h_3","mst7_4h_3",29583,907772312059.91,1279344397724.41,12498,3024
"mst7","filtered","mst7_6h_1","mst7_6h_1",29113,1204652785974.26,1745597988886.75,13445,3108
"mst7","filtered","mst7_6h_2","mst7_6h_2",30151,785070211027.019,1071103181747.6,12253,2982
"mst7","filtered","mst7_6h_3","mst7_6h_3",28180,1038023214510.88,1426213632175.21,12762,3073
"mst7","normalized","guy11_0h_1","guy11_0h_1",NA,NA,516632.822117552,11417,3033
"mst7","normalized","guy11_0h_2","guy11_0h_2",NA,NA,412131.948937549,9457,2713
"mst7","normalized","guy11_0h_3","guy11_0h_3",NA,NA,482063.03668758,11053,2908
"mst7","normalized","guy11_1_5h_1","guy11_1_5h_1",NA,NA,594937.865536684,13261,3156
"mst7","normalized","guy11_1_5h_2","guy11_1_5h_2",NA,NA,499915.200097824,11434,2919
"mst7","normalized","guy11_1_5h_3","guy11_1_5h_3",NA,NA,551094.699246579,12390,3023
"mst7","normalized","guy11_1h_1","guy11_1h_1",NA,NA,587926.613366783,12757,3109
"mst7","normalized","guy11_1h_2","guy11_1h_2",NA,NA,483044.446354897,10957,2868
"mst7","normalized","guy11_1h_3","guy11_1h_3",NA,NA,525280.272564381,11799,2941
"mst7","normalized","guy11_2h_1","guy11_2h_1",NA,NA,603285.632795335,13383,3174
"mst7","normalized","guy11_2h_2","guy11_2h_2",NA,NA,559801.301698891,12493,3032
"mst7","normalized","guy11_2h_3","guy11_2h_3",NA,NA,575569.666861603,12715,3061
"mst7","normalized","guy11_4h_1","guy11_4h_1",NA,NA,630897.285947999,14082,3223
"mst7","normalized","guy11_4h_2","guy11_4h_2",NA,NA,515856.786927211,11886,2929
"mst7","normalized","guy11_4h_3","guy11_4h_3",NA,NA,574897.579718818,13094,3067
"mst7","normalized","guy11_6h_1","guy11_6h_1",NA,NA,621282.192090455,13804,3192
"mst7","normalized","guy11_6h_2","guy11_6h_2",NA,NA,314259.845075699,7915,2355
"mst7","normalized","guy11_6h_3","guy11_6h_3",NA,NA,536472.317824815,12149,3012
"mst7","normalized","mst7_0h_1","mst7_0h_1",NA,NA,525607.076769977,11570,2996
"mst7","normalized","mst7_0h_2","mst7_0h_2",NA,NA,507501.333832714,11156,2988
"mst7","normalized","mst7_0h_3","mst7_0h_3",NA,NA,426361.728854531,9922,2694
"mst7","normalized","mst7_1_5h_1","mst7_1_5h_1",NA,NA,599449.146640702,13085,3134
"mst7","normalized","mst7_1_5h_2","mst7_1_5h_2",NA,NA,566751.950703871,12370,3077
"mst7","normalized","mst7_1_5h_3","mst7_1_5h_3",NA,NA,525367.708958939,11765,2967
"mst7","normalized","mst7_1h_1","mst7_1h_1",NA,NA,591429.137295807,12807,3109
"mst7","normalized","mst7_1h_2","mst7_1h_2",NA,NA,521620.747467905,11153,2931
"mst7","normalized","mst7_1h_3","mst7_1h_3",NA,NA,523974.635506033,11357,2922
"mst7","normalized","mst7_2h_1","mst7_2h_1",NA,NA,579244.839580572,12867,3073
"mst7","normalized","mst7_2h_2","mst7_2h_2",NA,NA,477187.892737253,10783,2829
"mst7","normalized","mst7_2h_3","mst7_2h_3",NA,NA,553716.964008049,12041,3016
"mst7","normalized","mst7_4h_1","mst7_4h_1",NA,NA,572261.873128144,12720,3033
"mst7","normalized","mst7_4h_2","mst7_4h_2",NA,NA,567835.94830015,12490,3043
"mst7","normalized","mst7_4h_3","mst7_4h_3",NA,NA,556569.552387716,12498,3024
"mst7","normalized","mst7_6h_1","mst7_6h_1",NA,NA,604708.18367285,13445,3108
"mst7","normalized","mst7_6h_2","mst7_6h_2",NA,NA,544554.924113761,12253,2982
"mst7","normalized","mst7_6h_3","mst7_6h_3",NA,NA,569509.124936213,12762,3073
"mst7","imputed","guy11_0h_1","guy11_0h_1",NA,NA,1161273.40078891,17836,3669
"mst7","imputed","guy11_0h_2","guy11_0h_2",NA,NA,1161416.9760793,17836,3669
"mst7","imputed","guy11_0h_3","guy11_0h_3",NA,NA,1160056.90576646,17836,3669
"mst7","imputed","guy11_1_5h_1","guy11_1_5h_1",NA,NA,1168561.33968389,17836,3669
"mst7","imputed","guy11_1_5h_2","guy11_1_5h_2",NA,NA,1156863.17960828,17836,3669
"mst7","imputed","guy11_1_5h_3","guy11_1_5h_3",NA,NA,1157674.91086312,17836,3669
"mst7","imputed","guy11_1h_1","guy11_1h_1",NA,NA,1160852.15552576,17836,3669
"mst7","imputed","guy11_1h_2","guy11_1h_2",NA,NA,1162041.44370113,17836,3669
"mst7","imputed","guy11_1h_3","guy11_1h_3",NA,NA,1157309.97184575,17836,3669
"mst7","imputed","guy11_2h_1","guy11_2h_1",NA,NA,1171578.35013532,17836,3669
"mst7","imputed","guy11_2h_2","guy11_2h_2",NA,NA,1163362.56478278,17836,3669
"mst7","imputed","guy11_2h_3","guy11_2h_3",NA,NA,1168749.19548372,17836,3669
"mst7","imputed","guy11_4h_1","guy11_4h_1",NA,NA,1175372.59017596,17836,3669
"mst7","imputed","guy11_4h_2","guy11_4h_2",NA,NA,1158348.10407611,17836,3669
"mst7","imputed","guy11_4h_3","guy11_4h_3",NA,NA,1156669.14859521,17836,3669
"mst7","imputed","guy11_6h_1","guy11_6h_1",NA,NA,1164693.95960026,17836,3669
"mst7","imputed","guy11_6h_2","guy11_6h_2",NA,NA,1171581.97817415,17836,3669
"mst7","imputed","guy11_6h_3","guy11_6h_3",NA,NA,1145912.79167312,17836,3669
"mst7","imputed","mst7_0h_1","mst7_0h_1",NA,NA,1151058.20132038,17836,3669
"mst7","imputed","mst7_0h_2","mst7_0h_2",NA,NA,1157814.12826516,17836,3669
"mst7","imputed","mst7_0h_3","mst7_0h_3",NA,NA,1156837.66782097,17836,3669
"mst7","imputed","mst7_1_5h_1","mst7_1_5h_1",NA,NA,1164608.48426103,17836,3669
"mst7","imputed","mst7_1_5h_2","mst7_1_5h_2",NA,NA,1157095.31006548,17836,3669
"mst7","imputed","mst7_1_5h_3","mst7_1_5h_3",NA,NA,1169968.29354558,17836,3669
"mst7","imputed","mst7_1h_1","mst7_1h_1",NA,NA,1158946.79627608,17836,3669
"mst7","imputed","mst7_1h_2","mst7_1h_2",NA,NA,1162822.54001318,17836,3669
"mst7","imputed","mst7_1h_3","mst7_1h_3",NA,NA,1166932.76520878,17836,3669
"mst7","imputed","mst7_2h_1","mst7_2h_1",NA,NA,1162178.64046182,17836,3669
"mst7","imputed","mst7_2h_2","mst7_2h_2",NA,NA,1161898.32675719,17836,3669
"mst7","imputed","mst7_2h_3","mst7_2h_3",NA,NA,1158379.98304292,17836,3669
"mst7","imputed","mst7_4h_1","mst7_4h_1",NA,NA,1160167.84360715,17836,3669
"mst7","imputed","mst7_4h_2","mst7_4h_2",NA,NA,1160204.24593055,17836,3669
"mst7","imputed","mst7_4h_3","mst7_4h_3",NA,NA,1164714.99384503,17836,3669
"mst7","imputed","mst7_6h_1","mst7_6h_1",NA,NA,1165724.7491316,17836,3669
"mst7","imputed","mst7_6h_2","mst7_6h_2",NA,NA,1156614.29255485,17836,3669
"mst7","imputed","mst7_6h_3","mst7_6h_3",NA,NA,1163061.80376417,17836,3669
